,pred
0,0.07268159563953726
1,0.023794262646130795
2,0.027383016253023605
3,0.8268095316943381
4,0.026526261336567818
5,0.01698097771476794
6,0.6154276067499834
7,0.5181533744254173
8,0.3496053085463037
9,0.0006140058092575105
10,0.09453239883481443
11,0.32366022653857696
12,0.0014031204427703131
13,0.4042062243097421
14,0.0632792844065532
15,0.054120932116818635
16,0.04286058734473136
17,0.011602167846541445
18,0.46295115726410296
19,0.3602825761909289
20,0.005111722354103175
21,0.9892299663760202
22,0.9889595734399662
23,0.23812473348949034
24,0.28630464056745436
25,0.8185937118333027
26,0.9957447103779428
27,0.1085679759915218
28,0.28295408219551965
29,0.5133163658648895
30,0.8592190235188807
31,0.49593034192514995
32,0.18100868876260193
33,0.10758861205295733
34,0.9897646249087824
35,0.0019000491762581155
36,0.6407191999882736
37,0.009838108187197362
38,0.672509688241137
39,0.04147925454067496
40,0.03268476395406907
41,0.016983026835084264
42,0.4459047927181551
43,0.6615744914734545
44,0.3579309435800116
45,0.006723439284212819
46,0.3398771916076538
47,0.9585860865133462
48,0.011847464475378353
49,0.7229214549553703
50,0.12528082557539844
51,0.012531601374208454
52,0.00863955865503014
53,0.03319268592067078
54,0.027101593559141966
55,0.0015522799231130837
56,0.0005441439468722977
57,0.9275621428594757
58,0.009003530753667313
59,0.17020225522939936
60,0.25661642110652916
61,0.5149925489290171
62,0.0012990624733546826
63,0.09461264175428624
64,0.20702905985983816
65,0.749024200326307
66,0.012235085235343923
67,0.03828605160777366
68,0.8108101965782374
69,0.6866513072400479
70,0.011260879039198908
71,0.004079483316009799
72,0.0009176154079861205
73,0.009420741204098488
74,0.00993520568645276
75,0.025424519970622225
76,0.007920678182261574
77,0.008449125034139937
78,0.35692896792531537
79,0.038727111304613385
80,0.003988418243189089
81,0.38119938499767203
82,0.04015872960778159
83,0.48253394898158325
84,0.6035943867759966
85,0.501260262715424
86,0.3118135378011615
87,0.4113571635888484
88,0.01645979767906628
89,0.4335609692730245
90,0.9387888273679836
91,0.9969737385633108
92,0.011396646174841952
93,0.4039641936012952
94,0.6344327784434115
95,0.06040117343819871
96,0.010457046670904276
97,0.4015598640598411
98,0.019974998144712982
99,0.451436516360948
100,0.0010035374602058945
101,0.0526084283810766
102,0.5912791091333526
103,0.07428041843668806
104,0.0020546048227348453
105,0.020406339571393563
106,0.06083885913458117
107,0.18862587419337687
108,0.5707856312817973
109,0.9245293916478076
110,0.37209014145244435
111,0.8779183097746043
112,0.00033313272476047086
113,0.08018807831666748
114,0.30121938611400584
115,0.28693235115804666
116,0.01105586236232234
117,0.21432779420884435
118,0.008022081866084232
119,0.02403035129422237
120,0.011696498512828538
121,0.9796366344679508
122,0.056179462474669595
123,0.4920161499807479
124,0.15317738888535382
125,0.17252401739388615
126,0.03283873339563899
127,0.0033120376001417526
128,0.2555657471974921
129,0.044599385737155044
130,0.01492879369582517
131,0.0027906545556691626
132,0.7363670542179197
133,0.025689285654000284
134,0.004694791810266108
135,0.6191878365298201
136,0.4865189629481483
137,0.010788616076260898
138,0.0010602070140453685
139,0.37407990373196803
140,0.000623687682939306
141,0.04719878773443388
142,0.002208734348007377
143,0.0022347786753282683
144,0.49687901981998733
145,0.0044036605797444246
146,0.9859623665345274
147,0.0008965549348722232
148,0.18195355804347424
149,0.9838663205391199
150,0.07808928127806226
151,0.6029658743287067
152,0.0024124953127125635
153,0.1648620294603425
154,0.034084058204150135
155,0.007643882819146121
156,0.9974391368391746
157,0.009703949088908025
158,0.0023304224160347335
159,0.01020228135679022
160,0.3094248961563323
161,0.6640705109390734
162,0.9943725642169312
163,0.2402308549699244
164,0.12236977271255872
165,0.0010519352821625777
166,0.324152815364393
167,0.08434137034601939
168,0.9412986839504451
169,0.02139582480904714
170,0.03733332284139624
171,0.04186611727703128
172,0.01298350350201103
173,0.00309913046221719
174,0.3720761317709153
175,0.43807920033541237
176,0.2829415021049931
177,0.9926180754848078
178,0.7575966679124252
179,0.34992855059989236
180,0.4742659705243012
181,0.012368221270814389
182,0.026716776785729077
183,0.5965027446913042
184,0.3463414389458051
185,0.008794310037584317
186,0.0026347461780791186
187,0.41413470860003354
188,0.9961103677537408
189,0.6245393639573147
190,0.29235705345234175
191,0.05964849798589955
192,0.48841916092683285
193,0.01254658329453879
194,0.005058271244563254
195,0.016684667227218522
196,0.025107410193781127
197,0.000844745124379607
198,0.05986341909360004
199,0.007985588905348203
200,0.002873416362593293
201,0.009537195455453746
202,0.6162720080861941
203,0.5483792350022703
204,0.03645260203218968
205,0.5173592844871229
206,0.02135169814993483
207,0.07364651864752852
208,0.28277927582294554
209,0.7179015809514617
210,0.0018548004127922281
211,0.0026591899787936466
212,0.09024633071155477
213,0.05438866874061879
214,0.1253008381056939
215,0.09837861474329944
216,0.022940375091334994
217,0.1021381851741061
218,0.0005812036568484647
219,0.05318040687916041
220,0.1495998293568043
221,0.5482664632457397
222,0.5228317577716489
223,0.6237068346659186
224,0.7980969069194388
225,0.5486338687530533
226,0.004333450738072082
227,0.40012692741749967
228,0.03389892093537883
229,0.01419391240448511
230,0.0021610662135650117
231,0.003099609771006796
232,0.0009621818480171969
233,0.0034246402816755146
234,0.9732764219818517
235,0.010836395663321799
236,0.2978345472303589
237,0.32555371762071295
238,0.020644836909300274
239,0.015631857916147858
240,0.9958437209065165
241,0.7525086344942544
242,0.007097567333410651
243,0.004074078084747582
244,0.17347847439346212
245,0.06232268512135316
246,0.43289458983958523
247,0.026606209229776495
248,0.008960605329701972
249,0.628356353226554
250,0.0018435647821386184
251,0.7352655174693806
252,0.9935456839895089
253,0.0023785696750904463
254,0.0011827981113864663
255,0.023732146700475257
256,0.0006411120341614429
257,0.002956383359755802
258,0.0073491673181604045
259,0.11384206353526136
260,0.46940195917727595
261,0.2047603310371823
262,0.10637756933488204
263,0.05567784129046031
264,0.012556425249934609
265,0.6438884405600265
266,0.014760531861983096
267,0.1875896682836609
268,0.005638408854134872
269,0.0019455886880116707
270,0.9968111273128509
271,0.3548287755810219
272,0.0027723596781151906
273,0.0006251267080007765
274,0.5048847260475047
275,0.007303850548890671
276,0.001555843032645953
277,0.28764494311335864
278,0.07251197749027552
279,0.017339104979970415
280,0.8495245047548444
281,0.00048175496342387007
282,0.0025183684123891107
283,0.01160264242021692
284,0.009923498415303723
285,0.0012027744074943236
286,0.04243724937106714
287,0.3793962690323106
288,0.01878565985469703
289,0.9700294181840998
290,0.4210814455317604
291,0.07367305049718532
292,0.32007042101532135
293,0.10657270003378119
294,0.014023707896757389
295,0.02223720033054743
296,0.04598379701925781
297,0.11145962130045832
298,0.011659114282232985
299,0.13092223329042413
300,0.015477292646257532
301,0.009583225345777768
302,0.0414213753433522
303,0.3745235125267447
304,0.007413481458224669
305,0.20123895103338124
306,0.09730044167051995
307,0.0009019022665891832
308,0.0161606276857369
309,0.6462925091087705
310,0.032965005024001764
311,0.004365822356067444
312,0.008071202566543164
313,0.42199230428090867
314,0.008523898514101952
315,0.49842539420996806
316,0.007699706428657377
317,0.5536568859289194
318,0.06147106695805376
319,0.9499848867322579
320,0.01622546325809057
321,0.06332584755146398
322,0.5370022284632464
323,0.33008382653230794
324,0.006533555722261104
325,0.37372285215783674
326,0.2627094094006236
327,0.6504995520690188
328,0.5573173864466425
329,0.06700422114520821
330,0.12064522650189882
331,0.11145983529324942
332,0.07190140933423494
333,0.6546546453263145
334,0.005724242451053141
335,0.3653919070385693
336,0.9500966139415433
337,0.1849175287403766
338,0.7379473657948112
339,0.5083093471260699
340,0.7403813476846568
341,0.12969330168175716
342,0.03241403771999466
343,0.2205092190952652
344,0.009321944818100957
345,0.013608693525739167
346,0.04120162112649327
347,0.2663834645731688
348,0.15721518693067743
349,0.40878511682645274
350,0.4010180525596883
351,0.2653316791813519
352,0.001235698638176206
353,0.9908202062995548
354,0.7920914830541075
355,0.2427283056830744
356,0.000600671066094836
357,0.11084000655234515
358,0.00047182896013191357
359,0.1854088388036876
360,0.6022526014796808
361,0.005763151372694747
362,0.6882528765928279
363,0.4501424807783534
364,0.4363630937961958
365,0.013793645372128535
366,0.3258845696677622
367,0.02037172503538142
368,0.5955714464013473
369,0.7296435257508357
370,0.0011125816024023577
371,0.043549534502128485
372,0.016948454972858316
373,0.7197643218634229
374,0.8475441209750483
375,0.14794130113751036
376,0.008570307510347963
377,0.9962137836596361
378,0.023990565205035546
379,0.04869321507504783
380,0.07741358658161779
381,0.6023388513130971
382,0.009939537893367484
383,0.9976417416266125
384,0.3170300856569991
385,0.047167586169970493
386,0.0444819297941243
387,0.98649930398806
388,0.07667986453205669
389,0.19730475620169016
390,0.1829348289289726
391,0.006705497358189631
392,0.13711863777549824
393,0.154867391595205
394,0.013966662432673015
395,0.04633231564314165
396,0.014131520551996445
397,0.16796392103920194
398,0.04006395111520356
399,0.012628289259313174
400,0.6480895842340098
401,0.0007425986716319511
402,0.6349653537835768
403,0.003316434730016534
404,0.005483045711929167
405,0.0006983359760304598
406,0.00704596944103342
407,0.028631984039215106
408,0.01928258763700999
409,0.01743167597040439
410,0.02739461689520097
411,0.007535761597772283
412,0.19896420353155128
413,0.000926639380585893
414,0.7197232230914286
415,0.019067224760458152
416,0.11343745978768989
417,0.5153652786390804
418,0.11149100309374413
419,0.0011637582084558487
420,0.07235486114946084
421,0.026272920359382588
422,0.004056635317052185
423,0.20495196942477256
424,0.995003403442506
425,0.9444941379532753
426,0.12103707699275039
427,0.006890905856384258
428,0.10565833695768044
429,0.12760978536028325
430,0.30004253174831014
431,0.095576044092026
432,0.8174598685133176
433,0.4237717478371981
434,0.0028475200172343373
435,0.001825714153628901
436,0.02519344798439303
437,0.1592299739700369
438,0.3633171032961871
439,0.000878346366650221
440,0.1878701608728943
441,0.02701119608875878
442,0.18370058802226497
443,0.7683625877563492
444,0.0027787363882199314
445,0.009139785777352562
446,0.1513236990162055
447,0.43932877703565176
448,0.07071355573732228
449,0.007481343769967865
450,0.0011858495892150213
451,0.012404745720298139
452,0.0004913005191707641
453,0.6148787847002922
454,0.11642060917850341
455,0.3213762986581706
456,0.037411279592287114
457,0.35399166267622634
458,0.021346336936775547
459,0.006154012868925867
460,0.2663076578979635
461,0.07736919179592049
462,0.057362776286347006
463,0.0012158515462468097
464,0.14321167668914112
465,0.013213494356383765
466,0.029724556388231068
467,0.04545387729259579
468,0.3283929655894005
469,0.19000946495488047
470,0.007589469260344992
471,0.03186783355792463
472,0.04882268925635931
473,0.14004061712089172
474,0.66869363778028
475,0.9479586256583689
476,0.006370387251183433
477,0.48938857364612964
478,0.00626621864081618
479,0.006431183353988162
480,0.11435508789582895
481,0.005908413060364115
482,0.03176567864174072
483,0.785814820874558
484,0.03856072032867342
485,0.9952063100090435
486,0.03945625244163517
487,0.334390342199578
488,0.0006282166209902715
489,0.00657647431196907
490,0.016968853246148
491,0.044087864996140605
492,0.0008736902547502143
493,0.03132358890727808
494,0.0032024450306091935
495,0.18556911235618442
496,0.20780559789127262
497,0.5915021855457868
498,0.1951174098847099
499,0.008080407062703292
500,0.6585451823079091
501,0.08239228291218363
502,0.0027351575999109783
503,0.3885933875877508
504,0.19014056746313868
505,0.19431114290002288
506,0.9345729607382216
507,0.9937957065042577
508,0.042595312314469926
509,0.008359049446101366
510,0.9976210454708837
511,0.4001737777898328
512,0.056464600603130195
513,0.9881982481722366
514,0.9137738937837028
515,0.010118305504578956
516,0.0007405884361438563
517,0.776174096792329
518,0.9701150945824486
519,0.0007576954252888862
520,0.39371403341401306
521,0.1123235096030454
522,0.07104199691423718
523,0.027621997343425318
524,0.0005131453992674669
525,0.003939351681234922
526,0.05058002595219507
527,0.0011153472227585942
528,0.9679195472915552
529,0.35618523449587025
530,0.0013206350197054312
531,0.09645989905631806
532,0.15849622696174012
533,0.05712479988336028
534,0.009108782035593
535,0.9975555841361632
536,0.45530475345020394
537,0.5470193089672287
538,0.43674952399877087
539,0.14292788933838244
540,0.6704294758417481
541,0.032084726697494056
542,0.5740218434729255
543,0.30988818281552566
544,0.9622037688591163
545,0.5301099853912906
546,0.0006079798243969059
547,0.05056193449628189
548,0.07549204431596812
549,0.0036589218453664477
550,0.0006810875797001915
551,0.40168195583303573
552,0.9969530387819445
553,0.3189626992712574
554,0.025079810274671918
555,0.008147897551318554
556,0.8529840021886984
557,0.023895635275478055
558,0.29237489276352385
559,0.005981317292863988
560,0.26516825808389516
561,0.01441667909378936
562,0.013790272453767339
563,0.13245084431441725
564,0.004703574222375551
565,0.7134393074767714
566,0.13076519453124813
567,0.011943300699195924
568,0.06302010641230539
569,0.17751092279577174
570,0.010079980191747943
571,0.3077439490195344
572,0.0016490277547378477
573,0.0008131099800321785
574,0.4464302245409793
575,0.0148194950986154
576,0.0016743200136387405
577,0.06891914347631423
578,0.027895992229479673
579,0.8288673682487542
580,0.39398968433489356
581,0.0026195143850207226
582,0.01799811208358326
583,0.020006732170620697
584,0.778271664728697
585,0.5784218048194194
586,0.012776180677917609
587,0.34240657478424885
588,0.025968556396372414
589,0.9898272106330267
590,0.3060898902310195
591,0.01590679320792923
592,0.0031532024066292523
593,0.0007232521166768273
594,0.0003906919433949882
595,0.0914674723967614
596,0.9927690937030985
597,0.14689435760393646
598,0.986072708636067
599,0.004693013349575882
600,0.0005505515961752015
601,0.0029654144495239437
602,0.004953647978435243
603,0.0035715791137402478
604,0.2371201775930384
605,0.005015330502052455
606,0.7115392717749226
607,0.3763031568779827
608,0.1497110868289586
609,0.013496161235131325
610,0.0004807206538542564
611,0.017975207484799176
612,0.727748088707719
613,0.8398103326426443
614,0.016284368609956957
615,0.013517520856772502
616,0.9403828166208945
617,0.1845098878661984
618,0.24805242124302007
619,0.24488724273670076
620,0.05736379360833099
621,0.005118121801516821
622,0.24187845490934565
623,0.5875519411350006
624,0.0013766370371164477
625,0.4559868263999642
626,0.7334321553659805
627,0.005274441980730712
628,0.006590623794175734
629,0.2214458743404076
630,0.7864603783518591
631,0.009437111123470152
632,0.24245844053459634
633,0.10493563620798502
634,0.16753788576376386
635,0.996853967542887
636,0.37917015304210083
637,0.40464794398412857
638,0.06728890968322775
639,0.00553388438377812
640,0.1857326092446367
641,0.0007336176711696213
642,0.6704195948390237
643,0.07072154830241878
644,0.4959119012657007
645,0.12882883612962573
646,0.14884065603993443
647,0.0008401132317300511
648,0.9803503022875167
649,0.005790129464194078
650,0.0008227080539240089
651,0.01785376291439845
652,0.591449199046646
653,0.0007126748593916166
654,0.04019271245726506
655,0.0008829240344127136
656,0.0033112527887447962
657,0.010199613287699747
658,0.06324207798231364
659,0.011831495392066073
660,0.7512294203505926
661,0.12404286977449913
662,0.3708633995181692
663,0.681138136783304
664,0.5398479410561473
665,0.06458437334638148
666,0.0013284036310306378
667,0.6324700214121032
668,0.20027727762148514
669,0.4017188689933387
670,0.08066727096690547
671,0.0010296946939804502
672,0.06723430613109184
673,0.9614177105019505
674,0.6635353063329268
675,0.7080247044378293
676,0.020820129874600534
677,0.012623068156054894
678,0.06751566864878043
679,0.032789061040445655
680,0.009649786928321672
681,0.05449182191033356
682,0.3371163316590868
683,0.2058735402656623
684,0.6952497736511305
685,0.0008040484409331907
686,0.0009154382360103403
687,0.03719142893480932
688,0.07944343075656116
689,0.04635592466200818
690,0.7481874812259621
691,0.024809122090579148
692,0.7309894026691139
693,0.7593747090398962
694,0.0012434350995607047
695,0.008679482865470625
696,0.015131555658822828
697,0.03272360137450373
698,0.08682071052728844
699,0.25230259447817494
700,0.09817870058965059
701,0.02563999298901342
702,0.003204473917490117
703,0.02848987580855653
704,0.7468936741768285
705,0.007226560165358994
706,0.028071763870276514
707,0.4813925377155201
708,0.007297705547233299
709,0.009014184887923698
710,0.6740494166018488
711,0.043651258524921216
712,0.992081375991437
713,0.16904566565852597
714,0.10873437114888211
715,0.07012864724754271
716,0.7316382220107241
717,0.02040057976814633
718,0.02593544409488652
719,0.004150802712186252
720,0.029086660098319967
721,0.0009232728681546076
722,0.0011009469654890266
723,0.43687552797283535
724,0.05738004944401662
725,0.947636875608155
726,0.00698448735582609
727,0.006344573447749757
728,0.015450833891465886
729,0.11870565439866644
730,0.0012691893431302545
731,0.8420809107689244
732,0.5511752828970793
733,0.035716867580982053
734,0.0006208222549262068
735,0.019139145217504185
736,0.003933889094650182
737,0.0046748896435578405
738,0.06085771091543567
739,0.001868057056985539
740,0.3218676901695542
741,0.5003627026311814
742,0.7177949861423095
743,0.01183625630404039
744,0.15786050752841643
745,0.27416454459187367
746,0.9947107131340717
747,0.06516439372808411
748,0.32405732194543757
749,0.8396709747971378
750,0.04990858766460431
751,0.0004995181731070256
752,0.5847874075182781
753,0.04671780481309156
754,0.22265548166728516
755,0.21833049169584753
756,0.7716225076777783
757,0.000786985645894826
758,0.0017899484950062686
759,0.0861597255487657
760,0.09675430824851738
761,0.0018219766557591606
762,0.0012596534542287357
763,0.15487646605132843
764,0.49039193694888966
765,0.010019223936240334
766,0.03154258430239976
767,0.14968979494241313
768,0.9809583784197662
769,0.34371011332467877
770,0.017156017948157652
771,0.016318841395081593
772,0.7735892399988246
773,0.006397296628104144
774,0.5882421298886614
775,0.3319709091664798
776,0.014338763931238072
777,0.009757987372536919
778,0.4015598640598411
779,0.5599522182618981
780,0.0370102551041529
781,0.9918523942957445
782,0.0009015024422440256
783,0.0443543900036882
784,0.0048856002910404525
785,0.000690810841112519
786,0.06083419205747591
787,0.09692988883156631
788,0.5259506534191477
789,0.007612166084144589
790,0.6894063885422529
791,0.008214637421165875
792,0.10629291462998323
793,0.01176852093629168
794,0.09637473568554157
795,0.4418726109763815
796,0.38973902657129006
797,0.07367509721621213
798,0.035398351836035555
799,0.8977604768136034
800,0.0005643843529412769
801,0.8380077072600902
802,0.007207084287236703
803,0.8779183097746043
804,0.016059606596227943
805,0.04138035331832526
806,0.008003251115411359
807,0.008188667165814015
808,0.0008153807173947905
809,0.009844653018112694
810,0.014957786683905492
811,0.6988989440757293
812,0.01291995397767874
813,0.003621412275316478
814,0.9930287717268952
815,0.041937717528318354
816,0.03359121372019664
817,0.9050165474211652
818,0.0005671212036676965
819,0.9456743186172754
820,0.21630448410675698
821,0.5561531562030176
822,0.01405178943212154
823,0.02033480426007511
824,0.5220326539232242
825,0.0279781135111037
826,0.9978490034748645
827,0.2626631628663572
828,0.2809400425334004
829,0.0029587369339557474
830,0.006654975114029872
831,0.5494140826805516
832,0.11919065874364897
833,0.006457252136193473
834,0.6318437898799767
835,0.32154099486929755
836,0.006593978986051139
837,0.5670622982955514
838,0.05477848194245838
839,0.0071310017434902786
840,0.567848678297266
841,0.7815642625216375
842,0.01143169796273094
843,0.2089599440606689
844,0.0061064122305923745
845,0.05800255983824836
846,0.002102555923549815
847,0.02277791470204204
848,0.21054205704723286
849,0.527726239331125
850,0.007592302411243006
851,0.23132054489038067
852,0.07483895521289606
853,0.0032539514058697186
854,0.49607583870908367
855,0.0005812036568484647
856,0.001167896846245776
857,0.12908761292476412
858,0.2952497497541565
859,0.03853267794644589
860,0.9862530824907845
861,0.16352169303763414
862,0.8016270011197936
863,0.0071917504822488765
864,0.03150974982832068
865,0.0005990731703423987
866,0.008929244274712016
867,0.6809414939330051
868,0.02200017013487431
869,0.01697118508331211
870,0.2482802714544239
871,0.01721895264822603
872,0.02041324609755372
873,0.22086058498330688
874,0.00043014825539698334
875,0.00036289126813880695
876,0.0007790223330537789
877,0.9813287938808369
878,0.14085577363849486
879,0.6603630591514591
880,0.04058070837962848
881,0.8385773038082207
882,0.577081842495623
883,0.0008021377107269387
884,0.02333175927875397
885,0.009328613885363138
886,0.11402334662852923
887,0.012885537789090342
888,0.04862364068663666
889,0.6589042052132514
890,0.6382805752225994
891,0.0034324531814511586
892,0.10656920465353266
893,0.08801839311800097
894,0.0006835924918684835
895,0.007703425243520426
896,0.015938581804646575
897,0.000491725105703626
898,0.5110487929994352
899,0.28047215609174
900,0.7864749498083301
901,0.05629229643598548
902,0.00121858596445275
903,0.047516409072043284
904,0.011041803549148443
905,0.30781331276510054
906,0.800169130713995
907,0.49109228762914314
908,0.00424365971032354
909,0.0014874562873950618
910,0.4308093304874497
911,0.1531634409105725
912,0.06477065923689462
913,0.015447775600035837
914,0.004232160018123779
915,0.021200788826646555
916,0.035410255381188624
917,0.20077551578871172
918,0.0025501090611472206
919,0.00681928519860648
920,0.36772470780691735
921,0.0033742015139732353
922,0.3846669797396877
923,0.0206741261341968
924,0.022477310603106405
925,0.0035031822335924254
926,0.0508699188776778
927,0.0008671713835349952
928,0.33417798798482135
929,0.018119229692605307
930,0.49167814123407655
931,0.022168991237774896
932,0.00304784617572451
933,0.06774104605876975
934,0.22036364264406072
935,0.0017700863602105514
936,0.047689215785467025
937,0.02255303170643245
938,0.02747019939856487
939,0.7357955969300196
940,0.7731448223520117
941,0.18699428749180277
942,0.34420797960825583
943,0.8445834851560294
944,0.18040966261552635
945,0.041320224475017486
946,0.8226317618596328
947,0.10999735575170902
948,0.06825073467732484
949,0.6102128972111983
950,0.9755296337277429
951,0.02872445435956751
952,0.0008077648541341211
953,0.15991809573989632
954,0.3223516508506551
955,0.5540402347884764
956,0.5266663870339878
957,0.01036840431691333
958,0.21575338037699546
959,0.13417346266622238
960,0.015362348701646185
961,0.012391013395473176
962,0.07779488841661837
963,0.002910184698663518
964,0.0018923777175967012
965,0.0073966385305869395
966,0.001167896846245776
967,0.37912110421693285
968,0.33264153700541665
969,0.04024036558120181
970,0.003013599798739057
971,0.10905953093755733
972,0.6291792079673162
973,0.8688287116011937
974,0.2811582706626214
975,0.12665175335749987
976,0.5134154681168509
977,0.7915952758665149
978,0.04796234562243389
979,0.0011005685116702566
980,0.037027937592079715
981,0.5759448535324367
982,0.0006063487369551323
983,0.05307029336125526
984,0.8535093529042551
985,0.7629935775621952
986,0.012324519527833476
987,0.0013993532497800318
988,0.9709232428115027
989,0.22388679510104662
990,0.7745578496854632
991,0.007356044920449351
992,0.008744223747759808
993,0.532540096559284
994,0.554424826695232
995,0.14652261032411856
996,0.25745354264784726
997,0.10072380942649835
998,0.9908629524942704
999,0.9933700836365409
1000,0.0865853491672998
1001,0.3463543256615821
1002,0.791359131129926
1003,0.8183150455215037
1004,0.47705039140636846
1005,0.00046273952883764874
1006,0.36879660628607025
1007,0.011738432372225624
1008,0.01047134056365863
1009,0.032907948011088956
1010,0.0032211740228411836
1011,0.7731256493440446
1012,0.12358093565417985
1013,0.5685992491275409
1014,0.04404211855633103
1015,0.0028838707192573158
1016,0.07076146396730887
1017,0.01923209944938509
1018,0.3859127079286753
1019,0.9889974114464746
1020,0.691854230056177
1021,0.018582459869050424
1022,0.007461478486931516
1023,0.07472803060729463
1024,0.18998456328822852
1025,0.010718215583604083
1026,0.11057085677792146
1027,0.07611780554390866
1028,0.008538454920572607
1029,0.005811364779994448
1030,0.05475314356984486
1031,0.7791313737656337
1032,0.0004995796102393355
1033,0.010286660782996842
1034,0.03073707354622385
1035,0.024471583186345663
1036,0.0009364820340586579
1037,0.6213448386463633
1038,0.5844103944057878
1039,0.01895149550810166
1040,0.5442412295161032
1041,0.07582534470258856
1042,0.30217303262251693
1043,0.009767794374381831
1044,0.03427289822880324
1045,0.000769098517606649
1046,0.012858250707566184
1047,0.00561919285255348
1048,0.0006918225697856164
1049,0.23317163144938338
1050,0.10131596148188333
1051,0.0031930130325665777
1052,0.005144135797142465
1053,0.5225609304542653
1054,0.675797332060343
1055,0.5418614958080459
1056,0.3403338353033543
1057,0.012217222765272994
1058,0.115974509928178
1059,0.6139931451393915
1060,0.02321699760779165
1061,0.000681927413820299
1062,0.6441927698769638
1063,0.0010828105828038584
1064,0.2461127845368933
1065,0.16525029924458298
1066,0.000765698355980551
1067,0.4616879292735138
1068,0.0005364956710261021
1069,0.9748549527695279
1070,0.2518312498430744
1071,0.14492115595982807
1072,0.0008346439198213897
1073,0.07807321796451921
1074,0.20250068078538258
1075,0.8370711585381776
1076,0.033732771002507524
1077,0.00443010117609869
1078,0.5099634473867595
1079,0.24448690453391628
1080,0.9917023880571696
1081,0.00953770046253187
1082,0.2041560407234204
1083,0.512746441976595
1084,0.014353840654301401
1085,0.005065745680637132
1086,0.005925755158596373
1087,0.12853270510648265
1088,0.19738964726462488
1089,0.24806922209743548
1090,0.3795575456443913
1091,0.3492806503582259
1092,0.3582491079911077
1093,0.01395470687970262
1094,0.12941380303778294
1095,0.019498196294931408
1096,0.029558360690136568
1097,0.006778254952458983
1098,0.6523638206007878
1099,0.8459811704458226
1100,0.005020109578117293
1101,0.544185829638615
1102,0.0009154113005040474
1103,0.9969687065292475
1104,0.5146940424081645
1105,0.1320235657089307
1106,0.9713350658216184
1107,0.32241953557936126
1108,0.004322701298424065
1109,0.9956854430514952
1110,0.08436588124486047
1111,0.7587020298819896
1112,0.04121711606491162
1113,0.8031542415079626
1114,0.09366337041746249
1115,0.10409130335204311
1116,0.13398906093424362
1117,0.676960435457817
1118,0.010920051686713637
1119,0.6508935928536799
1120,0.02345994671634153
1121,0.0923294117517005
1122,0.004522197269215171
1123,0.010707020353118745
1124,0.0016680388499349563
1125,0.000850581601864244
1126,0.0093189362037853
1127,0.0207316811009814
1128,0.0009366257234931231
1129,0.4943535782839882
1130,0.0014897818806681564
1131,0.08836258653603703
1132,0.5174742534754389
1133,0.01139155033666742
1134,0.0510510062878953
1135,0.01612374853370834
1136,0.022990609678033104
1137,0.9966534584721284
1138,0.045312318693105744
1139,0.47352775014113496
1140,0.43387215206132373
1141,0.36073344944441244
1142,0.47921102716114783
1143,0.008433832662693406
1144,0.05225272631949242
1145,0.7157858903512111
1146,0.04091279358767826
1147,0.5360930005803731
1148,0.25320300946914825
1149,0.5380251780687895
1150,0.33909881221408583
1151,0.1294425790316782
1152,0.9888450169393528
1153,0.011292047862871388
1154,0.027981439220212748
1155,0.7530027145165284
1156,0.0005098689328468077
1157,0.25205409323851347
1158,0.006118362415736912
1159,0.0007915729981454632
1160,0.26437703805358215
1161,0.00268673029619387
1162,0.0692236406926985
1163,0.03609123141394339
1164,0.11251025574519498
1165,0.5716659329014683
1166,0.010992169153069406
1167,0.6522166688843716
1168,0.010586910108176485
1169,0.5188404468086879
1170,0.7220104259353674
1171,0.07115112625917516
1172,0.7536300554875875
1173,0.004187519561050369
1174,0.1571685595814996
1175,0.03169910666972567
1176,0.16550981350375632
1177,0.21069946872956796
1178,0.9950297336190702
1179,0.9588844002404804
1180,0.0006043402548664452
1181,0.04047184236071442
1182,0.005728234305548437
1183,0.12491051187356657
1184,0.46100111273029787
1185,0.9295516832593395
1186,0.02824433875186967
1187,0.20486485832443305
1188,0.25841362419984715
1189,0.6733168973960687
1190,0.0946227092095423
1191,0.3114652396769461
1192,0.2474803764284034
1193,0.00535326860968313
1194,0.03507411056773032
1195,0.40688283133102926
1196,0.1552813974004141
1197,0.0009154382360103403
1198,0.02578206796078134
1199,0.5794978608924612
1200,0.0005827728076171497
1201,0.6484928074204696
1202,0.017683252722959338
1203,0.709245920569124
1204,0.018560473509996463
1205,0.03994270460442641
1206,0.011945124422908345
1207,0.21981463045617267
1208,0.03812410616194948
1209,0.03868439625729296
1210,0.13320986027848988
1211,0.03169219715125003
1212,0.0077387724966660595
1213,0.9900145384386028
1214,0.025001342743790747
1215,0.0018030210214508616
1216,0.008176484667355823
1217,0.977110561031602
1218,0.042532541461883594
1219,0.6961994799736214
1220,0.9733778379729638
1221,0.0025754651364240286
1222,0.008336396023975023
1223,0.007676443734063966
1224,0.7247288872875628
1225,0.0006405130378129017
1226,0.0021098119582865786
1227,0.5612583070036318
1228,0.0035131937634636204
1229,0.9470238781905501
1230,0.3649636201558979
1231,0.004488914621490918
1232,0.727868208379688
1233,0.18616032124773338
1234,0.25472266091799534
1235,0.18186038912304175
1236,0.3709880367183873
1237,0.34321452180663053
1238,0.0009293644159463328
1239,0.42144377378148695
1240,0.04689378196687034
1241,0.07779126162091411
1242,0.10607688864574966
1243,0.008699875394992698
1244,0.07416713568252642
1245,0.0010433154228656893
1246,0.002654445766227731
1247,0.028009436186199957
1248,0.000357346345985316
1249,0.10386558702723102
1250,0.001997777378419291
1251,0.39319547103142927
1252,0.006917706448711704
1253,0.005981350602887563
1254,0.40344772726670264
1255,0.0464121896564314
1256,0.6862165477380279
1257,0.1928308709072354
1258,0.30858268158581176
1259,0.008484357429116652
1260,0.005811955996316891
1261,0.312110396269569
1262,0.3679575111685821
1263,0.02101243719394058
1264,0.08156957173146287
1265,0.007297964111884212
1266,0.022056002769899708
1267,0.48470727741886127
1268,0.10005666550662116
1269,0.013441789469434213
1270,0.997155487250823
1271,0.0006767441999701283
1272,0.00261984170725697
1273,0.6797533925492766
1274,0.16801828717520628
1275,0.028007778476569843
1276,0.25296907237215543
1277,0.006918544529602568
1278,0.007703517864070488
1279,0.03509122207748526
1280,0.17282989766596077
1281,0.02271278969977353
1282,0.4517606832827726
1283,0.06625982900348361
1284,0.0023890527172937184
1285,0.10830307682044402
1286,0.11435200768059227
1287,0.007334232816801928
1288,0.33280536159781055
1289,0.0007940442773551757
1290,0.3621866650276752
1291,0.009459560789871408
1292,0.014945299540323526
1293,0.01549431648414294
1294,0.057273706117812885
1295,0.0008650497544274522
1296,0.4145893492977315
1297,0.18587951851395057
1298,0.7333903659120278
1299,0.9755432912447691
1300,0.005895565642820751
1301,0.0016764673587324902
1302,0.01786056253576468
1303,0.0068016145745369025
1304,0.026527497334586432
1305,0.2900283843780224
1306,0.1912246544544826
1307,0.00830705741761322
1308,0.25855776491195265
1309,0.10963746584171874
1310,0.7203633773366495
1311,0.011020689704745533
1312,0.021791143760822036
1313,0.7878760760752258
1314,0.025474589253235026
1315,0.020645466600691796
1316,0.19194147706440007
1317,0.5276426886512373
1318,0.2773194241365633
1319,0.062325858487982236
1320,0.00575858730390348
1321,0.06078251746003101
1322,0.02118943166264783
1323,0.006404273278131035
1324,0.3718326153073876
1325,0.7683079268302226
1326,0.9966983589043744
1327,0.7669322106134874
1328,0.5855551905552393
1329,0.015191591247225246
1330,0.009941628494196829
1331,0.997498955759068
1332,0.009165636517840655
1333,0.7132561925198321
1334,0.0005910967903302198
1335,0.0378207261574603
1336,0.6825761045776902
1337,0.001069717077996
1338,0.008010007582160033
1339,0.0052427326289323
1340,0.9973175381441656
1341,0.00833193978944311
1342,0.0008696538590676789
1343,0.0454938411646713
1344,0.0030331196302886406
1345,0.6220036423681449
1346,0.44131448161661324
1347,0.17683671534176015
1348,0.03467338096815157
1349,0.07213835447659231
1350,0.12585868405927733
1351,0.12444563748079321
1352,0.990022350756619
1353,0.32311374144564536
1354,0.5248392335456372
1355,0.1410014286039316
1356,0.3654816758557101
1357,0.0009389859004796452
1358,0.047803976052155736
1359,0.12316878486302699
1360,0.4737564479927284
1361,0.9874127187770917
1362,0.009071569786543705
1363,0.0029090611120861365
1364,0.09695527806448928
1365,0.13029396584084865
1366,0.0005698975463984433
1367,0.011523251886555647
1368,0.0031435755606089295
1369,0.06121305631663262
1370,0.03972476145729045
1371,0.00035354993015163197
1372,0.753881580793912
1373,0.0007001538311099517
1374,0.057496494972821485
1375,0.9298886693160563
1376,0.5568964244366958
1377,0.06184138370904874
1378,0.09936687118535142
1379,0.0006569160909070251
1380,0.11199043890397412
1381,0.00101621374961182
1382,0.007995852691974822
1383,0.015579678411234045
1384,0.9140632805568879
1385,0.015555672788421543
1386,0.007110709849239033
1387,0.5027681123985487
1388,0.5125967267984398
1389,0.7161772306102124
1390,0.011234536998234838
1391,0.000979496733980622
1392,0.9752134494257819
1393,0.002768326244644911
1394,0.007243801698367078
1395,0.5227974574914664
1396,0.3076423452787706
1397,0.008305210320666402
1398,0.008490982309588845
1399,0.08162491759927547
1400,0.00747892824104915
1401,0.25364861124826055
1402,0.11188249596031645
1403,0.005982065907984369
1404,0.604330238727522
1405,0.006075717026243193
1406,0.0034199186477149716
1407,0.2920365749197112
1408,0.014980577114987025
1409,0.5747931388444448
1410,0.0470369487673527
1411,0.007795167214722751
1412,0.8606905053485633
1413,0.00351119291763095
1414,0.49618496058760503
1415,0.0011212707507405441
1416,0.6842146396478541
1417,0.9832775177338078
1418,0.010833792105863911
1419,0.02943719372804476
1420,0.0011328118380251827
1421,0.32260638528985874
1422,0.05697898172269376
1423,0.07122821129246243
1424,0.3602032197913814
1425,0.001771659746515606
1426,0.010120671284689164
1427,0.29535530619733275
1428,0.168536781472802
1429,0.3187695033430869
1430,0.3468190640280022
1431,0.05861033436330511
1432,0.06511230251329446
1433,0.061820409659440946
1434,0.20899177990373538
1435,0.0048329466678899745
1436,0.7472387293041753
1437,0.014286751307765288
1438,0.011162488851645
1439,0.3506915108902811
1440,0.00044919022620911814
1441,0.0059818974833007275
1442,0.8299415569206519
1443,0.011398568630616246
1444,0.023150871453060523
1445,0.18195920699315624
1446,0.6706314106813621
1447,0.022065970289474386
1448,0.7984719109759479
1449,0.02313591570533024
1450,0.02260099012298743
1451,0.0998870650639399
1452,0.004711973674944218
1453,0.012740645071237157
1454,0.03398316072778283
1455,0.015253983820097192
1456,0.00373154365297978
1457,0.02057571244535256
1458,0.001510195125635705
1459,0.7854355351578329
1460,0.0015765490893956953
1461,0.3136240081632688
1462,0.06791629506149566
1463,0.009951619569134778
1464,0.018531897190949095
1465,0.6442767124717367
1466,0.18320167366645554
1467,0.9941148963741827
1468,0.08095856378288672
1469,0.17097532238785934
1470,0.47758258971546885
1471,0.5846162463752824
1472,0.07463976304972844
1473,0.023269598213866406
1474,0.19277819774814484
1475,0.9974019786488539
1476,0.9942821832837835
1477,0.2700038433203291
1478,0.004570689729286947
1479,0.15618653620199444
1480,0.06130205192798451
1481,0.07150133741909051
1482,0.02342091409286142
1483,0.2998221060509519
1484,0.7835198751777573
1485,0.007377394498447436
1486,0.002819192027641195
1487,0.0007354232703580175
1488,0.026516882063440692
1489,0.8820583726970601
1490,0.4077739731666002
1491,0.2908883316092567
1492,0.0029577780933590504
1493,0.005076093381551834
1494,0.09056734538497165
1495,0.3736915637929013
1496,0.16605521189587558
1497,0.1342171930091623
1498,0.08743471262082374
1499,0.041924148294231155
1500,0.8019102711904377
1501,0.12413894898077903
1502,0.31107406225706646
1503,0.995226800645712
1504,0.33016572649809545
1505,0.2634786765136272
1506,0.005786760730972488
1507,0.004660320542352964
1508,0.0019507085098038287
1509,0.07363630348233773
1510,0.06581037358226688
1511,0.18375798173220473
1512,0.7246205538029756
1513,0.7982833216825588
1514,0.003017953554937021
1515,0.06849921794104975
1516,0.03533265844572166
1517,0.025319585755326137
1518,0.3567092908067894
1519,0.17190046303292483
1520,0.3665234216586439
1521,0.9967430361897435
1522,0.013978587384258171
1523,0.15330187795934666
1524,0.147205402314936
1525,0.9187183201152451
1526,0.000675195336817073
1527,0.00045541512459413793
1528,0.997658950598926
1529,0.01247902255147645
1530,0.33679822209679156
1531,0.05839198481918775
1532,0.08984637026302189
1533,0.023804718548534172
1534,0.0005455781192254395
1535,0.048664681383918745
1536,0.048720752668627486
1537,0.02446733627811998
1538,0.0350898152578883
1539,0.01761121536945572
1540,0.0030770685149357478
1541,0.7976184818716298
1542,0.4270129498241768
1543,0.9978606843063328
1544,0.01496172616628384
1545,0.35517064104566193
1546,0.02105965447728892
1547,0.45941688529902264
1548,0.26750059493718215
1549,0.02509721732422679
1550,0.07896979435999224
1551,0.676281430107972
1552,0.0015011577695736896
1553,0.01546695960307542
1554,0.490188717045798
1555,0.5021276101535148
1556,0.006399362845569699
1557,0.04648893782871332
1558,0.004603979972982606
1559,0.008837845649426438
1560,0.026609744595791594
1561,0.00849641970791801
1562,0.680550952394155
1563,0.0006629515762661304
1564,0.0036828105117546793
1565,0.03056176618745129
1566,0.2650390329087001
1567,0.000748219545610914
1568,0.09845226810028065
1569,0.004643618662612853
1570,0.36444884570595143
1571,0.18502776574964971
1572,0.06397697811683886
1573,0.051319845073103984
1574,0.0018917854102004127
1575,0.004741394820677985
1576,0.0018524868946770965
1577,0.10011062282167234
1578,0.4612230367454026
1579,0.011274028956385667
1580,0.48041043175026643
1581,0.86065342583746
1582,0.624136069059094
1583,0.800842647906747
1584,0.8018843367671609
1585,0.0033247142389286164
1586,0.052365037064018016
1587,0.1945808377049713
1588,0.6374490609679011
1589,0.6044437405428328
1590,0.46300784162836917
1591,0.014474595217248665
1592,0.33822375178114833
1593,0.7801962830494643
1594,0.1365528574378557
1595,0.6532828771984971
1596,0.33551911338051926
1597,0.3051863746998908
1598,0.02254433364027803
1599,0.6955562276984666
1600,0.620700091142752
1601,0.05768409644111146
1602,0.008864783733663064
1603,0.008296336137679898
1604,0.5446840002282192
1605,0.7777847756072492
1606,0.4183154875003873
1607,0.02007529356581447
1608,0.5812925706885429
1609,0.14428583099814063
1610,0.6356612860761195
1611,0.41343282192582637
1612,0.0007847602806254892
1613,0.6757961298964724
1614,0.6593222818555102
1615,0.00845602735586284
1616,0.8380303344193988
1617,0.546159256894132
1618,0.011560712646501634
1619,0.12449707835965905
1620,0.0851266461377468
1621,0.004886223518818421
1622,0.18292839951315953
1623,0.4441790103828894
1624,0.3738696267717369
1625,0.7637479780076823
1626,0.08994578811393679
1627,0.00921269762437835
1628,0.47003656834177526
1629,0.5491449787318252
1630,0.001119095982796883
1631,0.09349532586752965
1632,0.04026896138811228
1633,0.004977814117949517
1634,0.13444968787116043
1635,0.789778855448162
1636,0.0011957962894371395
1637,0.660066084124494
1638,0.01734241751155965
1639,0.01581747455245124
1640,0.36111004529519664
1641,0.006728386157070991
1642,0.605421147058604
1643,0.00516226281038845
1644,0.7409100874354948
1645,0.43272813146416444
1646,0.30306026860244883
1647,0.002387793352080994
1648,0.5635677726710758
1649,0.6434006007978119
1650,0.041353218117198096
1651,0.9496675999376559
1652,0.34885018332242274
1653,0.3193819109169132
1654,0.015544151853650637
1655,0.008739460269768889
1656,0.6758315325261615
1657,0.25377722163762295
1658,0.9966700405467719
1659,0.20996095528270223
1660,0.2906484974677821
1661,0.000521503576174364
1662,0.0007357123344773312
1663,0.2945161274088115
1664,0.029910594549056452
1665,0.006533797797022902
1666,0.01006750068493653
1667,0.021675346382021524
1668,0.3580999078485055
1669,0.0007583335457147999
1670,0.30850764875456527
1671,0.004555246821398642
1672,0.8796180617583098
1673,0.5044813989997203
1674,0.09860225958284781
1675,0.8398103326426443
1676,0.07122097668204233
1677,0.5291012019231418
1678,0.021635885178994885
1679,0.008003109981688402
1680,0.13664717156883124
1681,0.0761814138957255
1682,0.09633516455615483
1683,0.6659374175786408
1684,0.027124597695967527
1685,0.18836064645026068
1686,0.07182017410996605
1687,0.00660087931019667
1688,0.07810506911013072
1689,0.9955968352140178
1690,0.8551433539609473
1691,0.04881587386276939
1692,0.08727391008668753
1693,0.9842522158497036
1694,0.09745252936648467
1695,0.0020907676579519953
1696,0.9470427283350366
1697,0.27686924612186803
1698,0.5967066069801519
1699,0.45630039944402917
1700,0.01980147450414417
1701,0.6688980351396026
1702,0.6930603152696888
1703,0.11283257800826087
1704,0.020132136863397383
1705,0.16301563202643424
1706,0.043402006955830255
1707,0.5021106534717167
1708,0.13411109077571914
1709,0.0003562794975850486
1710,0.0005734034860642536
1711,0.032425843460022676
1712,0.06573155117512346
1713,0.45578351142307905
1714,0.130747593909565
1715,0.009938494274546551
1716,0.055844325156803924
1717,0.02940089530530851
1718,0.0021714661678905456
1719,0.012950255575224636
1720,0.8257085916670774
1721,0.11199883434373745
1722,0.07516318745049712
1723,0.001131660327418594
1724,0.017274755555127686
1725,0.21596521151455078
1726,0.07914979035422783
1727,0.2735559940711537
1728,0.5739046136407544
1729,0.5589080213977443
1730,0.4592925189875855
1731,0.011221877849086306
1732,0.15259034979856814
1733,0.010392287047077942
1734,0.3618751163353627
1735,0.026345025881079866
1736,0.5686223118136728
1737,0.028120412592279154
1738,0.17030910545114877
1739,0.02137887184382464
1740,0.0006223509198901856
1741,0.9917677374218323
1742,0.5284171725784398
1743,0.31881301466208933
1744,0.3027636784107045
1745,0.6196902987050593
1746,0.29317899239476514
1747,0.05111367759178823
1748,0.02507731358710887
1749,0.7528546024271279
1750,0.0014251381485539118
1751,0.40986750872862315
1752,0.05801047151879298
1753,0.05758924906903564
1754,0.0021015441423898654
1755,0.029299676122179413
1756,0.08348216614161524
1757,0.08377624973385431
1758,0.019505981711746185
1759,0.004998597335878417
1760,0.04416603383566317
1761,0.011273047762446888
1762,0.07356283032627514
1763,0.057437188259734505
1764,0.2153424535305732
1765,0.6011505594815071
1766,0.0004848351603535317
1767,0.32748951325723435
1768,0.8021475828623305
1769,0.012493372539804032
1770,0.011173863410779746
1771,0.7336847503926075
1772,0.03210413028866631
1773,0.1107583587012193
1774,0.029400929904352665
1775,0.027667886388540293
1776,0.007287523229089291
1777,0.008963162976147902
1778,0.19051970050174508
1779,0.3997502460202154
1780,0.0017199917334852603
1781,0.36883687196595977
1782,0.014957792921844779
1783,0.0008316673453566988
1784,0.11799562928822976
1785,0.15059844142297502
1786,0.6053958282872485
1787,0.014038216215742265
1788,0.0008490102894691062
1789,0.02731542170559635
1790,0.015866948197772953
1791,0.9968041112054111
1792,0.007446792482477953
1793,0.006534427626034795
1794,0.0013711372810916978
1795,0.9679264863115896
1796,0.38337615540637804
1797,0.09182675736999711
1798,0.01395443838120278
1799,0.1449738516442426
1800,0.000338303044347882
1801,0.009981233352613752
1802,0.0009154382360103403
1803,0.013113937857357958
1804,0.042067031667799716
1805,0.2783798608356956
1806,0.995080575703721
1807,0.0024373823376644993
1808,0.018808988135995446
1809,0.021826444344874827
1810,0.8068004199359243
1811,0.04900937680652928
1812,0.013912724277756899
1813,0.0011809195217220819
1814,0.021766637127596414
1815,0.11190471404347291
1816,0.0513266068751542
1817,0.03586073938887483
1818,0.0008867090096964347
1819,0.43104791356991545
1820,0.001807429242638343
1821,0.18587571049473908
1822,0.553400267243578
1823,0.005457152838678345
1824,0.7134871460181704
1825,0.9431429153376125
1826,0.9983306070543364
1827,0.034909988309551145
1828,0.0016155471066573747
1829,0.007427335398617007
1830,0.6090120153396519
1831,0.01909751893566957
1832,0.27348376841700783
1833,0.05067260072625583
1834,0.30456300347324466
1835,0.008169861246815876
1836,0.5340981389997725
1837,0.11929546396994452
1838,0.0018274373696895469
1839,0.006097092975943459
1840,0.000912832740343092
1841,0.012849406636768104
1842,0.16993915889942357
1843,0.47366185454449267
1844,0.013173646952300536
1845,0.3749242990390339
1846,0.011925957653165679
1847,0.0009298212445064603
1848,0.03845927553345943
1849,0.8980358556171012
1850,0.003309969860493199
1851,0.024405243703415506
1852,0.17787271860975637
1853,0.5913579013530489
1854,0.70736552923949
1855,0.04149628571645603
1856,0.9926427905178764
1857,0.011975847736920594
1858,0.756421897446933
1859,0.033660866867064106
1860,0.0010117261660406408
1861,0.9866548701230107
1862,0.04344384082448212
1863,0.017391402071293
1864,0.7134380330808564
1865,0.0720099335105669
1866,0.9957970014484978
1867,0.005975158118311875
1868,0.9078845971150574
1869,0.18826118226146143
1870,0.05076582278745089
1871,0.05298292644894144
1872,0.010056187480588329
1873,0.8067714335565515
1874,0.4025832913055745
1875,0.02529167944980136
1876,0.14160277312850078
1877,0.0240532665612712
1878,0.03673237332464412
1879,0.31042994691686704
1880,0.0007006377307718391
1881,0.9865478315944893
1882,0.22657410814515128
1883,0.9948624956984347
1884,0.3988054625084768
1885,0.09138104149161308
1886,0.0030813427943459475
1887,0.9862057552538372
1888,0.44139180860595884
1889,0.7334540722336697
1890,0.037863495749871995
1891,0.8449161547596902
1892,0.11877771512156131
1893,0.02876782625677847
1894,0.34350226217452867
1895,0.08852975465610488
1896,0.08716824855359244
1897,0.004129717315672195
1898,0.003475293064871314
1899,0.002532919726198082
1900,0.49771713880075713
1901,0.28006580931750985
1902,0.9230914914421612
1903,0.7415398741141028
1904,0.3983098665508977
1905,0.02497159245068388
1906,0.18925142955763333
1907,0.009817964086770551
1908,0.23626264523769125
1909,0.6993471097684617
1910,0.6973568043612778
1911,0.08533403015479987
1912,0.42884427863398594
1913,0.6790558630837215
1914,0.05905420118749022
1915,0.003588765287863609
1916,0.020253458571195558
1917,0.17394633788364885
1918,0.24082592641344708
1919,0.013332723929888865
1920,0.4100642360078373
1921,0.31161175264814256
1922,0.2679487297064627
1923,0.6744094025445663
1924,0.024433450332252526
1925,0.22827292355042536
1926,0.009383949993281848
1927,0.045728864866426175
1928,0.21994048289738632
1929,0.0243368480544799
1930,0.04592345969348491
1931,0.4570971511505094
1932,0.15178403758387818
1933,0.270890462240071
1934,0.06106305148676369
1935,0.02501742777336991
1936,0.0405916231092639
1937,0.009827158665251351
1938,0.10539743141658105
1939,0.4467566535711967
1940,0.327779575988245
1941,0.20520816426504485
1942,0.11047982721403227
1943,0.17482561627252796
1944,0.010122017630041474
1945,0.5254604093643483
1946,0.000324788024610058
1947,0.2778614903216528
1948,0.39852826403836966
1949,0.01425805731514271
1950,0.2027604787605364
1951,0.037196486611178865
1952,0.4470576769480791
1953,0.000850581601864244
1954,0.992012086014984
1955,0.0038387059990517437
1956,0.0036643662856789823
1957,0.012108789534624383
1958,0.009629363825954348
1959,0.0007101407884865864
1960,0.0648986003747521
1961,0.7107021829873976
1962,0.01609326632720582
1963,0.5230296645935669
1964,0.16902601591350677
1965,0.37276453887156225
1966,0.014526417053988142
1967,0.7302629565592748
1968,0.03897139027202485
1969,0.008675915328533136
1970,0.01342910715328392
1971,0.015566000615195256
1972,0.0019510308983547583
1973,0.1885356779090271
1974,0.040690662511476704
1975,0.3538096777505818
1976,0.02117592325192243
1977,0.4445838887435385
1978,0.0010024465974507984
1979,0.9051207202639948
1980,0.39774300238615057
1981,0.315512758328249
1982,0.030290570861137983
1983,0.0008628358744011613
1984,0.5420320544867177
1985,0.011158958838538147
1986,0.2605300347089132
1987,0.09691340973634224
1988,0.41897128526451666
1989,0.5383429060777313
1990,0.01679483927100981
1991,0.4053645691074008
1992,0.5399487744966248
1993,0.0023714128559100115
1994,0.00045541512459413793
1995,0.0003373776677667745
1996,0.7728871091439807
1997,0.9928045242117353
1998,0.021688008203772126
1999,0.004170400760545267
2000,0.5728520602244863
2001,0.08981314591179942
2002,0.0008832377034891465
2003,0.5195492106456906
2004,0.7415902260460054
2005,0.0013919649707155083
2006,0.0024723467394472385
2007,0.003466567076670572
2008,0.038203723603267646
2009,0.22480482096555818
2010,0.00681014146547092
2011,0.006753724858472324
2012,0.006211994856017811
2013,0.01301190575980546
2014,0.7853757449022836
2015,0.5779533986404459
2016,0.6309385768412573
2017,0.0004152270208550508
2018,0.5460448490647126
2019,0.5082976299161599
2020,0.8291101639529137
2021,0.8431310694113859
2022,0.0012990624733546826
2023,0.9910321091451662
2024,0.01931334157143033
2025,0.01228494975067039
2026,0.5124658806228588
2027,0.27084726874625575
2028,0.2540178552680911
2029,0.00561550901013761
2030,0.025216253478573526
2031,0.29922451797205546
2032,0.7713751097529653
2033,0.9899949921733617
2034,0.005651893680966085
2035,0.016208989789313642
2036,0.007583170481595677
2037,0.029853435165823103
2038,0.007046279641975657
2039,0.017977037252135016
2040,0.4124419748049564
2041,0.017107952624365663
2042,0.3310435503089149
2043,0.016258795850773538
2044,0.5075615950994381
2045,0.9173819063469908
2046,0.30391912317361713
2047,0.0005410352270885734
2048,0.0032396537188918045
2049,0.11523318458202444
2050,0.3487192712336432
2051,0.010792981262347512
2052,0.13174902399639604
2053,0.8455081421398065
2054,0.0017568854349993943
2055,0.2025220921366609
2056,0.04704827574817634
2057,0.011151186027485733
2058,0.5532455427466465
2059,0.005667559342061242
2060,0.45466508768086755
2061,0.28722960249570334
2062,0.5986604310174656
2063,0.0701267220335267
2064,0.036992585096987274
2065,0.9929304361181529
2066,0.011248716237702268
2067,0.0013979897726475775
2068,0.027178787810175034
2069,0.45108172344113223
2070,0.15487307758352106
2071,0.21098286913829384
2072,0.738444798246213
2073,0.16417653815429423
2074,0.0424506559485325
2075,0.01644298731492226
2076,0.027949644413126633
2077,0.3852263311355592
2078,0.007657628150954738
2079,0.016315848731709433
2080,0.5020762430514008
2081,0.003656512351403832
2082,0.659162812145068
2083,0.7871513581637236
2084,0.009739854980379384
2085,0.0005604473245198971
2086,0.8807559564279634
2087,0.0006499323218655448
2088,0.2700728726795805
2089,0.005390028892270564
2090,0.00671051141703959
2091,0.0552130451908063
2092,0.0006622938010668432
2093,0.016459039513680815
2094,0.15063532737612204
2095,0.010454016940993419
2096,0.07692314376773375
2097,0.0061240382824451
2098,0.03871547142419302
2099,0.002580090823018031
2100,0.05539674167443559
2101,0.623839748754732
2102,0.9799939923596671
2103,0.02349892810030759
2104,0.2301980009858593
2105,0.013970730867931627
2106,0.04521804203114781
2107,0.02993767862365675
2108,0.027789764088508754
2109,0.0587262835878635
2110,0.5606694118004067
2111,0.011979827340565343
2112,0.0006638497414950424
2113,0.00454622756589112
2114,0.0005652985941245893
2115,0.029923869620174355
2116,0.9957215522053097
2117,0.04953440166544303
2118,0.004492323665883447
2119,0.09022432263583059
2120,0.23928160025347892
2121,0.006434360982560438
2122,0.006312425940643477
2123,0.011139559019506811
2124,0.007515384174081636
2125,0.40315599914254757
2126,0.6884813087786297
2127,0.7633218428686188
2128,0.284096331711496
2129,0.09855360586513755
2130,0.010876456680083104
2131,0.013739751125717145
2132,0.0736882676327872
2133,0.6464886133709535
2134,0.003769647224573476
2135,0.05053842625738328
2136,0.06498076557716455
2137,0.027857518103409414
2138,0.7512602213002496
2139,0.004710600685257559
2140,0.060634194834188554
2141,0.007164160873417166
2142,0.659240722856995
2143,0.0016522500923191114
2144,0.016007184202813385
2145,0.0856951654892278
2146,0.011115510235937676
2147,0.542820825838209
2148,0.7952985092384706
2149,0.6491589391252333
2150,0.1654961415308565
2151,0.6480895842340098
2152,0.45926064677280903
2153,0.23040509396557896
2154,0.9927044151059132
2155,0.7161772306102124
2156,0.006531974486494073
2157,0.04792291521158705
2158,0.0027287826136679523
2159,0.03971403679151139
2160,0.0009894351872373854
2161,0.009948358644243207
2162,0.9856142248792413
2163,0.03952981005748348
2164,0.9975663549875223
2165,0.40055049231728357
2166,0.020385983920064774
2167,0.7275171137038154
2168,0.16271467909257864
2169,0.04355531308099615
2170,0.15939265020440135
2171,0.14037504921813101
2172,0.0011229973973506733
2173,0.01325520930800103
2174,0.5009186917766789
2175,0.2517606339484183
2176,0.0663061043194952
2177,0.008296993798823453
2178,0.30872391383086084
2179,0.14261087447852253
2180,0.023333439525893916
2181,0.014380016296918723
2182,0.002814362943245843
2183,0.04857920688826002
2184,0.19748015571024374
2185,0.6606578604129014
2186,0.4230561518677897
2187,0.7668566803266265
2188,0.2681632868552017
2189,0.7830109005927062
2190,0.979328340762884
2191,0.5132478830727298
2192,0.8458052219566393
2193,0.012272116047080716
2194,0.004890611873935366
2195,0.04984214754741367
2196,0.0006876695154908048
2197,0.013112395011314032
2198,0.005010695803585369
2199,0.7368020688832457
2200,0.00981066043646418
2201,0.6950266391479825
2202,0.0009026232060328262
2203,0.45566532915523233
2204,0.12049354692721105
2205,0.013023494124949806
2206,0.10568176888534533
2207,0.003175838939052988
2208,0.9945839478101745
2209,0.1549305201428923
2210,0.016461852390257836
2211,0.00320611391958936
2212,0.0007839464509204557
2213,0.11406837223305454
2214,0.0009324013583746805
2215,0.20394379995407097
2216,0.18312461711445463
2217,0.0060995292627228
2218,0.00863588580432099
2219,0.3861165088024764
2220,0.17526707391322893
2221,0.8401725535366503
2222,0.00773338357927334
2223,0.9915091981763574
2224,0.4357073126568081
2225,0.064465229653254
2226,0.012190886372000704
2227,0.0011377713339809064
2228,0.0018856463714293616
2229,0.04024088002661301
2230,0.1595989652715495
2231,0.9980162065410707
2232,0.0034812443673741486
2233,0.28242208939072827
2234,0.40662854238859425
2235,0.28194117338039265
2236,0.007352477776529526
2237,0.0005684104038921663
2238,0.3272861882775819
2239,0.9967851964435499
2240,0.49470253837249173
2241,0.2786759091399505
2242,0.0019873698878762744
2243,0.060086814954916426
2244,0.01175628369824584
2245,0.0028957002535150884
2246,0.1893525236516447
2247,0.03407996087059219
2248,0.10947119025397974
2249,0.16068587788241942
2250,0.009596764668600877
2251,0.4087270016819046
2252,0.20633172160284213
2253,0.0007866618104801146
2254,0.19482648872510616
2255,0.8392592023045987
2256,0.005150379338824082
2257,0.05604429016246735
2258,0.6003261447171511
2259,0.9130064004518416
2260,0.044732362954926386
2261,0.11414162059715235
2262,0.015073459807858678
2263,0.6011824789920268
2264,0.5926541096625493
2265,0.03677139889862737
2266,0.0063006836959196635
2267,0.6156857441724204
2268,0.0471838395741218
2269,0.09125351799474281
2270,0.007389913786668254
2271,0.0016642927727357727
2272,0.09994651366423203
2273,0.013182084647611288
2274,0.21358616828912497
2275,0.005563156373763998
2276,0.1120615072559931
2277,0.09884067138895206
2278,0.42296874483800995
2279,0.07197562265255442
2280,0.8579440355610053
2281,0.7604916340627713
2282,0.1216799188645508
2283,0.07559705638804305
2284,0.9593868035675898
2285,0.21867966662953378
2286,0.0033395532238841273
2287,0.002045006614265248
2288,0.08061408353249494
2289,0.0009431808680148849
2290,0.3167991079588565
2291,0.09735977506959642
2292,0.15950381084183685
2293,0.859990456562122
2294,0.9969852954933033
2295,0.006718886528883563
2296,0.026089853794197627
2297,0.032943973687535905
2298,0.016433516287065
2299,0.0409267702827997
2300,0.026843777577179897
2301,0.25935295423986415
2302,0.7035712439807752
2303,0.0005790536703864203
2304,0.0007015844594232079
2305,0.8166415414400654
2306,0.785166220400897
2307,0.3924398531082237
2308,0.039398972238440064
2309,0.48968740132693533
2310,0.64125398674131
2311,0.004242700165201155
2312,0.45357407416417217
2313,0.32896371622296616
2314,0.0038793103611104583
2315,0.21934402173714918
2316,0.020834623531129377
2317,0.005325386119689067
2318,0.011103146117384197
2319,0.45627455686447455
2320,0.8678468803457715
2321,0.9935086377715938
2322,0.40497114922194055
2323,0.0004475274965226562
2324,0.5124987768289865
2325,0.0290778647740694
2326,0.0022063395066990654
2327,0.0031140468151420984
2328,0.025312000281005633
2329,0.08481388543989268
2330,0.004194146465817377
2331,0.027452393052058367
2332,0.18989248344452622
2333,0.9962747874973601
2334,0.08777520367808729
2335,0.013068563955660499
2336,0.017046139813676028
2337,0.045266917633504676
2338,0.7516427339679016
2339,0.023225833778076684
2340,0.03190921816447936
2341,0.6181104078300504
2342,0.05521037809571877
2343,0.0006010235142752366
2344,0.9762148676643552
2345,0.7993096039219663
2346,0.1761343779190438
2347,0.47386722275480675
2348,0.026675266719613802
2349,0.7256668524363445
2350,0.09223862098198025
2351,0.06096629990253028
2352,0.007273725867260436
2353,0.6194037656302427
2354,0.02669267817407255
2355,0.7103192735156254
2356,0.3577251555387262
2357,0.02261277279572585
2358,0.9970349893426748
2359,0.6211453889609402
2360,0.00748325191260085
2361,0.0049029846154423915
2362,0.6918320860483012
2363,0.0630283494382137
2364,0.09794248152085126
2365,0.36008016595752534
2366,0.004264551988985936
2367,0.3509782247028514
2368,0.21412805091492418
2369,0.0004939699779384173
2370,0.015177388470613451
2371,0.8796807564518075
2372,0.9920195269836316
2373,0.3496419442857357
2374,0.01201379798699956
2375,0.0006979894237357898
2376,0.12521570226344572
2377,0.05379354138650451
2378,0.00036000074714673583
2379,0.9843004640061198
2380,0.40350277461222606
2381,0.07582967984278026
2382,0.00807853411010177
2383,0.40858775742335396
2384,0.19623383595327049
2385,0.9498260131013048
2386,0.013601733403440239
2387,0.8051347452217286
2388,0.6155260121086912
2389,0.4015598640598411
2390,0.5214082698458333
2391,0.30600045846182666
2392,0.7146961121083704
2393,0.6540679688241717
2394,0.08337691394642655
2395,0.2827024655535913
2396,0.09123157601423373
2397,0.1738336686935866
2398,0.0059077828224460005
2399,0.07267395444072225
2400,0.0006781810245910071
2401,0.00696643798503402
2402,0.48923005085100196
2403,0.0760781190177292
2404,0.0018526693463609915
2405,0.0019451799905000956
2406,0.008355795943030283
2407,0.9947563230894079
2408,0.9904727862929457
2409,0.016670590385302594
2410,0.3038315356622616
2411,0.3540869916165928
2412,0.7448629591368163
2413,0.09336465597559342
2414,0.2991169817505738
2415,0.3092538589876393
2416,0.008355826362986023
2417,0.3522361691252205
2418,0.49631933562658614
2419,0.010223774968524545
2420,0.000539336089298395
2421,0.0006927317468042632
2422,0.014105249879468849
2423,0.9930895650150666
2424,0.0048482514516243365
2425,0.7265905064171021
2426,0.003597020752857532
2427,0.46387875665818307
2428,0.5174248872217473
2429,0.006123552295350864
2430,0.4716317705985048
2431,0.5360070401913033
2432,0.0008202809917034374
2433,0.045057329776479985
2434,0.23726692485639286
2435,0.4278153133371588
2436,0.0018257170702686099
2437,0.04053391449457416
2438,0.003808632477786639
2439,0.5562882227041975
2440,0.0011670808967498758
2441,0.008304502869358743
2442,0.02645100624732171
2443,0.598988628516367
2444,0.992681409477655
2445,0.004644343350209343
2446,0.992358643741867
2447,0.0009558775969501753
2448,0.9926160971891554
2449,0.6560826626325404
2450,0.00044473467134105194
2451,0.1253591785204004
2452,0.028054375611528615
2453,0.01650404929151738
2454,0.006814072457842845
2455,0.32544354900059685
2456,0.0893034862764982
2457,0.009630866807907906
2458,0.2840674228603527
2459,0.25857294139032283
2460,0.8316411763345489
2461,0.7990481281821961
2462,0.07772559519934695
2463,0.178487729909331
2464,0.030592984787623442
2465,0.03571287234301357
2466,0.0003530511136308869
2467,0.9912977832930165
2468,0.10171604757356113
2469,0.5684202137201517
2470,0.03370607022581693
2471,0.25341470592696524
2472,0.18227753401943422
2473,0.007951599364875309
2474,0.0046158721331167685
2475,0.39313688330553576
2476,0.21053308304348453
2477,0.005571395076605431
2478,0.7653016414220895
2479,0.30590521528470477
2480,0.09378276023857061
2481,0.5431086795705673
2482,0.0020392494096012122
2483,0.004395377727803497
2484,0.9215222560948797
2485,0.001014028495438943
2486,0.05158774357283087
2487,0.039088213323831646
2488,0.1381471707329373
2489,0.566843244625295
2490,0.015401303275263732
2491,0.017982399208409213
2492,0.4294900012811442
2493,0.025396272451700373
2494,0.0345187625641371
2495,0.12024921832185807
2496,0.008231048975628567
2497,0.5378488003976589
2498,0.004385528562475665
2499,0.000581804766862815
2500,0.01970628747487224
2501,0.0533800823593788
2502,0.005994818622885387
2503,0.002145769823903072
2504,0.05839124832552026
2505,0.0004595670557990672
2506,0.9973417285340674
2507,0.3794681982303067
2508,0.0004687539026832874
2509,0.3048117893060474
2510,0.14287371794612438
2511,0.04551559257633432
2512,0.021341842114613818
2513,0.05281110410981063
2514,0.99181073339522
2515,0.7710693852220479
2516,0.13086517610321985
2517,0.8101824750994464
2518,0.3711291847106453
2519,0.0022498732161846295
2520,0.21089707531160634
2521,0.23257197379156117
2522,0.28277756668492693
2523,0.7424542792142349
2524,0.02700141763306848
2525,0.010834796248791
2526,0.06952940309242923
2527,0.3765119405772473
2528,0.0025024418405746045
2529,0.6343398601625474
2530,0.008904005460031174
2531,0.3403338353033543
2532,0.7706910041168639
2533,0.3314786423830992
2534,0.3921645929199678
2535,0.07457233919762327
2536,0.10921866505745505
2537,0.5148285506480503
2538,0.043995934986129276
2539,0.2104040272884617
2540,0.12703914107242878
2541,0.0018970089300917694
2542,0.00457549677756772
2543,0.39097594495043925
2544,0.8030527371165211
2545,0.003548295930198927
2546,0.4634330295167971
2547,0.43257986558748646
2548,0.029907927741543817
2549,0.7333000833240428
2550,0.02771982217061329
2551,0.050091357841121384
2552,0.0015251784917852034
2553,0.6560548511059207
2554,0.021565250381453346
2555,0.5704149389917014
2556,0.12770000942905055
2557,0.008258915142130584
2558,0.01079421801483467
2559,0.05184339012395078
2560,0.07654568434409316
2561,0.7865306737502085
2562,0.9953216652858017
2563,0.9284954278275844
2564,0.9947238966624667
2565,0.15796079211463906
2566,0.0007197486593446589
2567,0.022418586821885165
2568,0.07096608504010656
2569,0.30795293519009587
2570,0.571349681242845
2571,0.032756980978805764
2572,0.8291660053686677
2573,0.38638218200128993
2574,0.0023154403866936313
2575,0.0015222743400002718
2576,0.44672739121611604
2577,0.04109436577724469
2578,0.013338011027131792
2579,0.09299058749350819
2580,0.8080175931977237
2581,0.04087202420116762
2582,0.023866976470810108
2583,0.809572160853273
2584,0.9923052833653024
2585,0.12795820737233404
2586,0.6031601403535918
2587,0.0018967328759732925
2588,0.006711699858909481
2589,0.9487666453424486
2590,0.007632937453276187
2591,0.19659353326003232
2592,0.2765490625124349
2593,0.6504995520690188
2594,0.0070670193898840356
2595,0.17072248193550565
2596,0.07487036110004712
2597,0.000618205913431578
2598,0.09333668133434059
2599,0.004844073514764383
2600,0.0007272194353240585
2601,0.11522069041179825
2602,0.0005812036568484647
2603,0.028209843950601506
2604,0.5298459323158828
2605,0.009114418787943734
2606,0.036360693934743865
2607,0.6888563324434552
2608,0.9964544957934315
2609,0.0783189578083717
2610,0.4816483217543195
2611,0.21344161207731427
2612,0.9817801018553605
2613,0.006472297899681084
2614,0.009378988702523813
2615,0.016584622706034
2616,0.011543289402001304
2617,0.5698969656758788
2618,0.01715858876459047
2619,0.019843846609818257
2620,0.02295044511897475
2621,0.022206512292847865
2622,0.13222698411464473
2623,0.09329078969416153
2624,0.07019340352094161
2625,0.08443996145872916
2626,0.7105794768832662
2627,0.00982328896319432
2628,0.005093337658913419
2629,0.9542767869682051
2630,0.6607580634394917
2631,0.0055262918493924
2632,0.19208471593362947
2633,0.2660659330493587
2634,0.03270020991814898
2635,0.9972756061589051
2636,0.9977855952750042
2637,0.006019581421425991
2638,0.015844018236850638
2639,0.7462059289162896
2640,0.006513374400165089
2641,0.02020827595353313
2642,0.001274311482970653
2643,0.0007232886854459711
2644,0.04913191063028009
2645,0.0006993743662788752
2646,0.9465742477310969
2647,0.9983189160059972
2648,0.18184454932581665
2649,0.010248820275649901
2650,0.19188597339600205
2651,0.662844416395336
2652,0.02600333184689273
2653,0.057041643331385075
2654,0.5018787265091825
2655,0.00323040550290247
2656,0.4505607750791976
2657,0.06398986907328517
2658,0.9961389625660578
2659,0.18816064832090368
2660,0.0036403116899225685
2661,0.2607417648743454
2662,0.10808274206312903
2663,0.41156827125685447
2664,0.019967584715220203
2665,0.04056405912592781
2666,0.005467172658569032
2667,0.2542320269631685
2668,0.9979305617994094
2669,0.031498590328697326
2670,0.4384913291478156
2671,0.0637857446671905
2672,0.34174989168662306
2673,0.001814512020432425
2674,0.3827390748240615
2675,0.9769746926404593
2676,0.014669230573674929
2677,0.0007952221284629603
2678,0.03582576525856266
2679,0.0004969829495456901
2680,0.9614997345754605
2681,0.000791767559375812
2682,0.03867018884736712
2683,0.04441016643527821
2684,0.09241513690288265
2685,0.7366102188210087
2686,0.045245602817942016
2687,0.09016093840312504
2688,0.026323349223133733
2689,0.273415230236452
2690,0.15132045838585637
2691,0.20139519757086294
2692,0.003151808141192872
2693,0.0784644386413152
2694,0.9911886540328139
2695,0.0017758335760039519
2696,0.7497168588127198
2697,0.01448611533376163
2698,0.014997457445408648
2699,0.9970786288098531
2700,0.0025707365152567736
2701,0.0196077289689789
2702,0.15116884895250518
2703,0.024842197828773768
2704,0.0017942346761470216
2705,0.013412891840227833
2706,0.01769619934574809
2707,0.0008674843857154223
2708,0.9240126565643831
2709,0.4296613522277626
2710,0.04892274354041497
2711,0.17794747613606493
2712,0.019627933640881015
2713,0.10078794498611977
2714,0.0009739636408880408
2715,0.9967271529639805
2716,0.15857453442938116
2717,0.23829075719412815
2718,0.004663555922656179
2719,0.32630928163333817
2720,0.021417887351131752
2721,0.2991169817505738
2722,0.020111153226013225
2723,0.0028880422897952576
2724,0.004392358279908109
2725,0.28721417276802425
2726,0.8595483102296416
2727,0.5447828239986736
2728,0.7915952758665149
2729,0.300614594056199
2730,0.0008250196432686873
2731,0.9469867434051145
2732,0.05657813860474945
2733,0.7329665599533624
2734,0.7638700237645373
2735,0.997661416792485
2736,0.0041539427926104945
2737,0.09320454255666942
2738,0.12235522680314175
2739,0.12000200276739176
2740,0.025501952469043646
2741,0.997790831113271
2742,0.2822393089853386
2743,0.008198077666519362
2744,0.02538819068009136
2745,0.0006940910225688209
2746,0.3906868302011993
2747,0.0743276582836459
2748,0.9791343465004105
2749,0.004994744787929451
2750,0.037895367612617546
2751,0.7944934274764835
2752,0.13146282283388616
2753,0.36400368340298955
2754,0.0034109409407642463
2755,0.0032156909840029045
2756,0.6937110390958038
2757,0.24392557752155591
2758,0.012881398437759175
2759,0.16446393888590932
2760,0.0033802185552149976
2761,0.26845194210682377
2762,0.0008131550056681702
2763,0.013069029699685545
2764,0.012515254705030612
2765,0.9689520783387149
2766,0.0060140229777644215
2767,0.017777208760878162
2768,0.0011861313766704836
2769,0.19197584164462228
2770,0.0047552493779657624
2771,0.21302564306302382
2772,0.06452986097559821
2773,0.3736307778981768
2774,0.05062243058177128
2775,0.011014709238101234
2776,0.5504415942784275
2777,0.2757588375798018
2778,0.057485797010905886
2779,0.0005497244650678712
2780,0.01235688119313793
2781,0.0027055696181185703
2782,0.37618474302702376
2783,0.0038879494595760395
2784,0.04550543019580763
2785,0.3111077582834781
2786,0.11000865237750514
2787,0.4038637946727537
2788,0.19970338006089408
2789,0.32852619140121564
2790,0.04040582722710143
2791,0.39072093903488997
2792,0.003214056999329484
2793,0.5850605308996706
2794,0.8404908484977619
2795,0.020681333568168328
2796,0.01150766788172441
2797,0.008134213565285089
2798,0.7552582350392687
2799,0.7446952226466929
2800,0.011666816384480428
2801,0.3243763412719871
2802,0.0155877519933544
2803,0.0009725273859226937
2804,0.01570133793365713
2805,0.006540091499034893
2806,0.013740641527868084
2807,0.08441130797306731
2808,0.029504506244238924
2809,0.2666074034025853
2810,0.0031364899438418555
2811,0.22748393973629752
2812,0.9918007165022653
2813,0.00035430771282547784
2814,0.4640482042145628
2815,0.06274101281134188
2816,0.01385414431131608
2817,0.032066104671001225
2818,0.9643037675042199
2819,0.0005471958761940086
2820,0.21131339246248593
2821,0.8026986727449018
2822,0.46126604387273323
2823,0.007357526148733242
2824,0.012512893591045437
2825,0.5956790723031439
2826,0.9976093863291153
2827,0.0022923598022907103
2828,0.02404070954720263
2829,0.022718408786321552
2830,0.007595697740161526
2831,0.04177393844618637
2832,0.5741514139894842
2833,0.014752608328151045
2834,0.6322699008011021
2835,0.000700228826232935
2836,0.03479922517843467
2837,0.9966309584214438
2838,0.03047503328572106
2839,0.0041296459448603015
2840,0.13363975763794075
2841,0.005966249804991495
2842,0.002199430392711768
2843,0.5812993275289816
2844,0.552634447199876
2845,0.03999571915162862
2846,0.3412490015389916
2847,0.01200191731720869
2848,0.04974265428070164
2849,0.36551383471086124
2850,0.17746938288820668
2851,0.7298963773888247
2852,0.7354546544062561
2853,0.04695200901583244
2854,0.025670085659229243
2855,0.012162102870168646
2856,0.07548995972530367
2857,0.4726079795354372
2858,0.9859709467702071
2859,0.00771454405632247
2860,0.011982735110010183
2861,0.09689075263696409
2862,0.0033102140053526755
2863,0.017977056002783213
2864,0.020755274222075983
2865,0.014145742290044852
2866,0.7202797662323146
2867,0.32625735877972184
2868,0.6310855821194109
2869,0.05535772274524063
2870,0.0018699584989554058
2871,0.05676524930308517
2872,0.03383129587624345
2873,0.11493049332239343
2874,0.222808556795152
2875,0.39826267682127514
2876,0.06291544969332295
2877,0.024456471204248254
2878,0.9613899717445663
2879,0.447389875977017
2880,0.1890597000634476
2881,0.5968332072963393
2882,0.010197692871647039
2883,0.24268678641725636
2884,0.42935635914931214
2885,0.72438109843585
2886,0.03622213166383121
2887,0.019325153363882054
2888,0.004623629107856758
2889,0.1928108163234167
2890,0.018229881317550187
2891,0.02530189143093955
2892,0.013662260420998155
2893,0.5171072062588407
2894,0.60181723274247
2895,0.15395727024595438
2896,0.26016151212383803
2897,0.0035013213548724404
2898,0.9853349083349741
2899,0.03698306583657526
2900,0.26741793965949334
2901,0.0069305108078581415
2902,0.009185755739625009
2903,0.040514910049069486
2904,0.7822988186714005
2905,0.11971869796805586
2906,0.010165156823518982
2907,0.9975396536280154
2908,0.8164006560372112
2909,0.992783549222023
2910,0.024055714508709573
2911,0.010803011831696116
2912,0.0016358734409888467
2913,0.6106199366219199
2914,0.02839640835517966
2915,0.00926608046300089
2916,0.16548693870851863
2917,0.0023697956893287057
2918,0.002613321842628357
2919,0.028963545815055707
2920,0.8773950628528483
2921,0.053612362683387954
2922,0.03785452215682466
2923,0.03012289566122296
2924,0.32801707044569084
2925,0.44672739121611604
2926,0.05257054483096106
2927,0.002041081077109364
2928,0.02336413795411208
2929,0.34817643915732965
2930,0.6582056606665527
2931,0.6507163986946607
2932,0.003095215838100003
2933,0.004760240893973762
2934,0.010789089593427479
2935,0.15531892881890733
2936,0.2187936442072044
2937,0.018068363897398184
2938,0.25954596024626003
2939,0.04001060198674928
2940,0.16100042236589004
2941,0.7119649458962464
2942,0.036402264451626774
2943,0.36776483448295916
2944,0.40467227693508734
2945,0.00519271959205822
2946,0.7484561831087826
2947,0.048273019116630886
2948,0.587797028188973
2949,0.02121297576736695
2950,0.10193151423954071
2951,0.0018381862668647563
2952,0.007853174143405356
2953,0.0021660664503901296
2954,0.0006754439949662132
2955,0.4382700947280498
2956,0.09855080760794922
2957,0.03839947170396219
2958,0.14868345019814458
2959,0.4987657932781681
2960,0.036856982094205425
2961,0.0007112556219573831
2962,0.03944741708173747
2963,0.682586575791309
2964,0.14952684322139506
2965,0.17500507043334182
2966,0.029807315067408767
2967,0.41406782965877126
2968,0.0174248788147058
2969,0.003730815088407549
2970,0.7651835343761001
2971,0.44048613450780705
2972,0.13705328670210187
2973,0.008796121014544963
2974,0.05200610998400635
2975,0.01137676326032308
2976,0.0145039349792709
2977,0.6569391456254731
2978,0.0006530532647825442
2979,0.29487537498817373
2980,0.188332285418871
2981,0.006253690590957123
2982,0.38514261040463266
2983,0.018115399529033308
2984,0.0034954329438646793
2985,0.0024295949733048766
2986,0.007868641791939137
2987,0.04691174259154831
2988,0.0011139662551873368
2989,0.10523802756871439
2990,0.7783743423009521
2991,0.06645978628099689
2992,0.0016320605956780833
2993,0.00096171250082456
2994,0.24646138277134721
2995,0.07953288964185687
2996,0.09557486627483125
2997,0.18912687191216404
2998,0.04422856356305308
2999,0.009299208678612713
3000,0.013707262389360353
3001,0.00623838598126426
3002,0.044748275129687765
3003,0.01206306028057104
3004,0.5896709384389669
3005,0.007024455011038897
3006,0.0012473230814089911
3007,0.996009667005351
3008,0.5291859962517746
3009,0.36865100104739085
3010,0.9304908201179046
3011,0.23365368500545905
3012,0.07217997804856273
3013,0.38502988875691
3014,0.012871779425400302
3015,0.03573875319110991
3016,0.0006022155372829492
3017,0.0019972483798591316
3018,0.0008231722312883011
3019,0.00659468322657432
3020,0.00847246815776344
3021,0.1335112535800114
3022,0.3125235273317369
3023,0.8031542415079626
3024,0.025121117174259838
3025,0.10161410236867399
3026,0.9828693824977356
3027,0.45543763834074846
3028,0.02988025814457107
3029,0.08962510840160025
3030,0.37738465078135647
3031,0.46617298496893417
3032,0.01695888596282161
3033,0.035295948470264966
3034,0.18868026549091435
3035,0.007781099192062177
3036,0.6341056606871824
3037,0.008513142376916428
3038,0.2972346873469023
3039,0.03423594763762939
3040,0.703148857916612
3041,0.5092252515534239
3042,0.1270662786062693
3043,0.4375457882143218
3044,0.018755065765656685
3045,0.6373793737039147
3046,0.06379937898434361
3047,0.08918724817722204
3048,0.007911771420073552
3049,0.006406094981653614
3050,0.01387812167948494
3051,0.04607393661714489
3052,0.8933524251666035
3053,0.00295884257365646
3054,0.11210328721474931
3055,0.23785508472651062
3056,0.2525419803422368
3057,0.15730929115588566
3058,0.09054249333729605
3059,0.04100617929008642
3060,0.0009274452508804043
3061,0.6826233204921814
3062,0.9898962079954916
3063,0.6787926176131146
3064,0.020941475348778518
3065,0.0008360721014582191
3066,0.4101397580639363
3067,0.3209984156008795
3068,0.12057192633506024
3069,0.027577655508070273
3070,0.0009707054548865111
3071,0.03713339864212872
3072,0.0997691589479723
3073,0.0023375592119003006
3074,0.49870578578656805
3075,0.0007201016228533589
3076,0.07114283842500926
3077,0.6860407860178148
3078,0.7019113802007917
3079,0.0010446308665854685
3080,0.9917577172840553
3081,0.08428365046081719
3082,0.4586467277374525
3083,0.009246099418997915
3084,0.0017796344899336084
3085,0.0009045919120770615
3086,0.007084790386256616
3087,0.0351269159447543
3088,0.015088852627485336
3089,0.8388294967830718
3090,0.0304433287759653
3091,0.004034740147409927
3092,0.009008926280971146
3093,0.0014181891330837689
3094,0.0004224653393537605
3095,0.8406262136296074
3096,0.3673527887486211
3097,0.1979768596122101
3098,0.058114456210482814
3099,0.06518149101163725
3100,0.4024413248158493
3101,0.05423475039174759
3102,0.4059272802836055
3103,0.6958387618694245
3104,0.06291818995181202
3105,0.14828157398220662
3106,0.14738237257186207
3107,0.048285193033737725
3108,0.10854779259030076
3109,0.027061322450583604
3110,0.00122083289615902
3111,0.9354219238504365
3112,0.5009186917766789
3113,0.0008798226824896194
3114,0.0015670335072080711
3115,0.01312721398206905
3116,0.2530453233938056
3117,0.3442297713767231
3118,0.9782992413874565
3119,0.08712965955413961
3120,0.0005429378945607365
3121,0.5071599672207554
3122,0.03259371873035966
3123,0.006077165045154406
3124,0.5573354684861833
3125,0.1269884047492106
3126,0.8632063263429035
3127,0.18249706837623017
3128,0.18830295129636399
3129,0.996951354255736
3130,0.0017394080795751063
3131,0.167127297093169
3132,0.001844500316817619
3133,0.004057069392177485
3134,0.996524378866992
3135,0.5805754290487523
3136,0.6987402565133787
3137,0.3276886198994138
3138,0.08290637838475055
3139,0.07176232301026318
3140,0.04989416978261295
3141,0.9975388802021072
3142,0.02300751042021523
3143,0.5784098187735414
3144,0.3880621592329523
3145,0.0005995942931278982
3146,0.37540578855660695
3147,0.0468359964111621
3148,0.951924151205167
3149,0.8216229233230555
3150,0.34413648329615015
3151,0.000580782827695887
3152,0.03415712972597018
3153,0.7042416780663503
3154,0.008438055941539539
3155,0.15483964619518845
3156,0.0006516227052752322
3157,0.3979844047890823
3158,0.36575765164383217
3159,0.49656614493548973
3160,0.006182055122693336
3161,0.035835120584063275
3162,0.8349293850995847
3163,0.09083244631390712
3164,0.0022995547790130577
3165,0.8186985824891861
3166,0.0020220720642291318
3167,0.053268374483681685
3168,0.7029229742437535
3169,0.789506648430036
3170,0.009118858032362707
3171,0.18256699756292769
3172,0.037145205509192994
3173,0.0028575947002734713
3174,0.3117209516498883
3175,0.31231207563630836
3176,0.013671820162888414
3177,0.6044516862395392
3178,0.0157923135274342
3179,0.0019729984516178053
3180,0.15211990965768765
3181,0.000973871377478122
3182,0.45038802695935976
3183,0.3331959954046169
3184,0.02797867985218324
3185,0.00039256444526604027
3186,0.02209801889343671
3187,0.028957754372284022
3188,0.043196668854823914
3189,0.09521584296567502
3190,0.24641242128474145
3191,0.22123258429774928
3192,0.0075819275567675076
3193,0.3309001377284889
3194,0.4951373333137595
3195,0.8265730531850214
3196,0.0341226866701345
3197,0.0010728822372399456
3198,0.006376368544128942
3199,0.005452418742048604
3200,0.615294576199475
3201,0.09431122017524632
3202,0.008804942885356243
3203,0.006792104826594037
3204,0.027851806306292082
3205,0.10622430597425975
3206,0.14046196688017715
3207,0.017617471492388244
3208,0.844597131075125
3209,0.5663134876753175
3210,0.000777763776719388
3211,0.0032796982407974707
3212,0.05007803750051071
3213,0.05839198481918775
3214,0.0011241764255123243
3215,0.1511401239888775
3216,0.07352676928916299
3217,0.9920046941352934
3218,0.6824778494756902
3219,0.36055100114646477
3220,0.4658718787103783
3221,0.0005526266475445032
3222,0.1858300290965412
3223,0.00696134635124624
3224,0.5422774927764412
3225,0.11797911966171856
3226,0.024795190795408335
3227,0.000738273748724476
3228,0.7323466650542119
3229,0.02167934848881802
3230,0.0005395598998298079
3231,0.02776122324838271
3232,0.046998358014900085
3233,0.0025536392081142063
3234,0.9931782293406869
3235,0.0010517256569804268
3236,0.9658215259438839
3237,0.024461955112260847
3238,0.991643132515679
3239,0.024478861124812113
3240,0.34331843790247246
3241,0.7698311616112741
3242,0.3633845751402486
3243,0.4694334036691251
3244,0.0334133427395845
3245,0.7702563484492232
3246,0.20309325723427055
3247,0.2552538244972067
3248,0.9501443164791451
3249,0.2567704802911828
3250,0.029979805381828283
3251,0.030267008722713325
3252,0.007832243648531459
3253,0.33876672727940105
3254,0.063109051897285
3255,0.011152437954283969
3256,0.0331467848773376
